<annotation>
	<folder>images</folder>
	<filename>116ccc67fec848fdaa02fc2fd9e4c003.jpg</filename>
	<path>/Users/Cactus/ObjectDetection-master/images/116ccc67fec848fdaa02fc2fd9e4c003.jpg</path>
	<source>
		<database>Unknown</database>
	</source>
	<size>
		<width>300</width>
		<height>300</height>
		<depth>3</depth>
	</size>
	<segmented>0</segmented>
	<object>
		<name>Nicolas Cage</name>
		<pose>Unspecified</pose>
		<truncated>1</truncated>
		<difficult>0</difficult>
		<bndbox>
			<xmin>33</xmin>
			<ymin>1</ymin>
			<xmax>286</xmax>
			<ymax>300</ymax>
		</bndbox>
	</object>
</annotation>
