<annotation>
	<folder>images</folder>
	<filename>19434431b44a4bfd88a796837b7810b9.jpg</filename>
	<path>/Users/Cactus/ObjectDetection-master/images/19434431b44a4bfd88a796837b7810b9.jpg</path>
	<source>
		<database>Unknown</database>
	</source>
	<size>
		<width>400</width>
		<height>225</height>
		<depth>3</depth>
	</size>
	<segmented>0</segmented>
	<object>
		<name>Nicolas Cage</name>
		<pose>Unspecified</pose>
		<truncated>0</truncated>
		<difficult>0</difficult>
		<bndbox>
			<xmin>115</xmin>
			<ymin>18</ymin>
			<xmax>280</xmax>
			<ymax>203</ymax>
		</bndbox>
	</object>
</annotation>
