<annotation>
	<folder>images</folder>
	<filename>24T2eC16J_ygE9s7HHp1TBR4ofrn2kg_60_1.jpg</filename>
	<path>/Users/Cactus/ObjectDetection-master/images/24T2eC16J_ygE9s7HHp1TBR4ofrn2kg_60_1.jpg</path>
	<source>
		<database>Unknown</database>
	</source>
	<size>
		<width>400</width>
		<height>300</height>
		<depth>3</depth>
	</size>
	<segmented>0</segmented>
	<object>
		<name>Nicolas Cage</name>
		<pose>Unspecified</pose>
		<truncated>1</truncated>
		<difficult>0</difficult>
		<bndbox>
			<xmin>11</xmin>
			<ymin>1</ymin>
			<xmax>141</xmax>
			<ymax>205</ymax>
		</bndbox>
	</object>
</annotation>
