<annotation>
	<folder>images</folder>
	<filename>3036ee2d6fb54907ab47314f6af850b5.jpg</filename>
	<path>/Users/Cactus/ObjectDetection-master/images/3036ee2d6fb54907ab47314f6af850b5.jpg</path>
	<source>
		<database>Unknown</database>
	</source>
	<size>
		<width>640</width>
		<height>360</height>
		<depth>3</depth>
	</size>
	<segmented>0</segmented>
	<object>
		<name>Nicolas Cage</name>
		<pose>Unspecified</pose>
		<truncated>1</truncated>
		<difficult>0</difficult>
		<bndbox>
			<xmin>321</xmin>
			<ymin>21</ymin>
			<xmax>553</xmax>
			<ymax>360</ymax>
		</bndbox>
	</object>
</annotation>
