<annotation>
	<folder>images</folder>
	<filename>3676f7679d984de5a752dfec0ff63444.jpg</filename>
	<path>/Users/Cactus/ObjectDetection-master/images/3676f7679d984de5a752dfec0ff63444.jpg</path>
	<source>
		<database>Unknown</database>
	</source>
	<size>
		<width>800</width>
		<height>449</height>
		<depth>3</depth>
	</size>
	<segmented>0</segmented>
	<object>
		<name>Nicolas Cage</name>
		<pose>Unspecified</pose>
		<truncated>0</truncated>
		<difficult>0</difficult>
		<bndbox>
			<xmin>231</xmin>
			<ymin>7</ymin>
			<xmax>500</xmax>
			<ymax>387</ymax>
		</bndbox>
	</object>
</annotation>
