<annotation>
	<folder>images</folder>
	<filename>41o4aq6ZBKL._SX425_.jpg</filename>
	<path>/Users/Cactus/ObjectDetection-master/images/41o4aq6ZBKL._SX425_.jpg</path>
	<source>
		<database>Unknown</database>
	</source>
	<size>
		<width>425</width>
		<height>425</height>
		<depth>3</depth>
	</size>
	<segmented>0</segmented>
	<object>
		<name>Nicolas Cage</name>
		<pose>Unspecified</pose>
		<truncated>0</truncated>
		<difficult>0</difficult>
		<bndbox>
			<xmin>152</xmin>
			<ymin>34</ymin>
			<xmax>218</xmax>
			<ymax>134</ymax>
		</bndbox>
	</object>
</annotation>
