<annotation>
	<folder>images</folder>
	<filename>4c96e964330543599809eb7fcd98a53c.jpg</filename>
	<path>/Users/Cactus/ObjectDetection-master/images/4c96e964330543599809eb7fcd98a53c.jpg</path>
	<source>
		<database>Unknown</database>
	</source>
	<size>
		<width>1023</width>
		<height>664</height>
		<depth>3</depth>
	</size>
	<segmented>0</segmented>
	<object>
		<name>Nicolas Cage</name>
		<pose>Unspecified</pose>
		<truncated>0</truncated>
		<difficult>0</difficult>
		<bndbox>
			<xmin>418</xmin>
			<ymin>4</ymin>
			<xmax>697</xmax>
			<ymax>379</ymax>
		</bndbox>
	</object>
</annotation>
