<annotation>
	<folder>images</folder>
	<filename>4d71d50bace4457ca148bce1b21daf97.jpg</filename>
	<path>/Users/Cactus/ObjectDetection-master/images/4d71d50bace4457ca148bce1b21daf97.jpg</path>
	<source>
		<database>Unknown</database>
	</source>
	<size>
		<width>1024</width>
		<height>656</height>
		<depth>3</depth>
	</size>
	<segmented>0</segmented>
	<object>
		<name>Nicolas Cage</name>
		<pose>Unspecified</pose>
		<truncated>0</truncated>
		<difficult>0</difficult>
		<bndbox>
			<xmin>2</xmin>
			<ymin>4</ymin>
			<xmax>324</xmax>
			<ymax>454</ymax>
		</bndbox>
	</object>
	<object>
		<name>Nicolas Cage</name>
		<pose>Unspecified</pose>
		<truncated>1</truncated>
		<difficult>0</difficult>
		<bndbox>
			<xmin>333</xmin>
			<ymin>20</ymin>
			<xmax>667</xmax>
			<ymax>656</ymax>
		</bndbox>
	</object>
	<object>
		<name>Nicolas Cage</name>
		<pose>Unspecified</pose>
		<truncated>1</truncated>
		<difficult>0</difficult>
		<bndbox>
			<xmin>677</xmin>
			<ymin>4</ymin>
			<xmax>1024</xmax>
			<ymax>652</ymax>
		</bndbox>
	</object>
</annotation>
