<annotation>
	<folder>images</folder>
	<filename>5057bc86cd77445da5b8a27d98e4f02e.jpeg</filename>
	<path>/Users/Cactus/ObjectDetection-master/images/5057bc86cd77445da5b8a27d98e4f02e.jpeg</path>
	<source>
		<database>Unknown</database>
	</source>
	<size>
		<width>825</width>
		<height>464</height>
		<depth>3</depth>
	</size>
	<segmented>0</segmented>
	<object>
		<name>Nicolas Cage</name>
		<pose>Unspecified</pose>
		<truncated>0</truncated>
		<difficult>0</difficult>
		<bndbox>
			<xmin>175</xmin>
			<ymin>4</ymin>
			<xmax>670</xmax>
			<ymax>423</ymax>
		</bndbox>
	</object>
</annotation>
