<annotation>
	<folder>images</folder>
	<filename>507965b123994331b0d1c1c6b8ac107f.jpg</filename>
	<path>/Users/Cactus/ObjectDetection-master/images/507965b123994331b0d1c1c6b8ac107f.jpg</path>
	<source>
		<database>Unknown</database>
	</source>
	<size>
		<width>500</width>
		<height>593</height>
		<depth>3</depth>
	</size>
	<segmented>0</segmented>
	<object>
		<name>Nicolas Cage</name>
		<pose>Unspecified</pose>
		<truncated>1</truncated>
		<difficult>0</difficult>
		<bndbox>
			<xmin>60</xmin>
			<ymin>9</ymin>
			<xmax>463</xmax>
			<ymax>593</ymax>
		</bndbox>
	</object>
</annotation>
