<annotation>
	<folder>images</folder>
	<filename>5173cd2a00674b91b64a702948b57da1.jpg</filename>
	<path>/Users/Cactus/ObjectDetection-master/images/5173cd2a00674b91b64a702948b57da1.jpg</path>
	<source>
		<database>Unknown</database>
	</source>
	<size>
		<width>280</width>
		<height>385</height>
		<depth>3</depth>
	</size>
	<segmented>0</segmented>
	<object>
		<name>Nicolas Cage</name>
		<pose>Unspecified</pose>
		<truncated>1</truncated>
		<difficult>0</difficult>
		<bndbox>
			<xmin>1</xmin>
			<ymin>1</ymin>
			<xmax>275</xmax>
			<ymax>320</ymax>
		</bndbox>
	</object>
</annotation>
