<annotation>
	<folder>images</folder>
	<filename>555e4f2dff384ca6ab3d515aca054d99.jpg</filename>
	<path>/Users/Cactus/ObjectDetection-master/images/555e4f2dff384ca6ab3d515aca054d99.jpg</path>
	<source>
		<database>Unknown</database>
	</source>
	<size>
		<width>700</width>
		<height>250</height>
		<depth>3</depth>
	</size>
	<segmented>0</segmented>
	<object>
		<name>Nicolas Cage</name>
		<pose>Unspecified</pose>
		<truncated>1</truncated>
		<difficult>0</difficult>
		<bndbox>
			<xmin>172</xmin>
			<ymin>1</ymin>
			<xmax>496</xmax>
			<ymax>250</ymax>
		</bndbox>
	</object>
</annotation>
