<annotation>
	<folder>images</folder>
	<filename>559d706140b649deaf361c196f9cb697.png</filename>
	<path>/Users/Cactus/ObjectDetection-master/images/559d706140b649deaf361c196f9cb697.png</path>
	<source>
		<database>Unknown</database>
	</source>
	<size>
		<width>767</width>
		<height>431</height>
		<depth>3</depth>
	</size>
	<segmented>0</segmented>
	<object>
		<name>Nicolas Cage</name>
		<pose>Unspecified</pose>
		<truncated>1</truncated>
		<difficult>0</difficult>
		<bndbox>
			<xmin>1</xmin>
			<ymin>5</ymin>
			<xmax>241</xmax>
			<ymax>376</ymax>
		</bndbox>
	</object>
	<object>
		<name>Nicolas Cage</name>
		<pose>Unspecified</pose>
		<truncated>0</truncated>
		<difficult>0</difficult>
		<bndbox>
			<xmin>252</xmin>
			<ymin>9</ymin>
			<xmax>512</xmax>
			<ymax>408</ymax>
		</bndbox>
	</object>
	<object>
		<name>Nicolas Cage</name>
		<pose>Unspecified</pose>
		<truncated>1</truncated>
		<difficult>0</difficult>
		<bndbox>
			<xmin>529</xmin>
			<ymin>4</ymin>
			<xmax>767</xmax>
			<ymax>412</ymax>
		</bndbox>
	</object>
</annotation>
