<annotation>
	<folder>images</folder>
	<filename>563252222b424dbaa10be478ff096d4e.jpg</filename>
	<path>/Users/Cactus/ObjectDetection-master/images/563252222b424dbaa10be478ff096d4e.jpg</path>
	<source>
		<database>Unknown</database>
	</source>
	<size>
		<width>600</width>
		<height>800</height>
		<depth>3</depth>
	</size>
	<segmented>0</segmented>
	<object>
		<name>Nicolas Cage</name>
		<pose>Unspecified</pose>
		<truncated>0</truncated>
		<difficult>0</difficult>
		<bndbox>
			<xmin>143</xmin>
			<ymin>39</ymin>
			<xmax>501</xmax>
			<ymax>568</ymax>
		</bndbox>
	</object>
</annotation>
