<annotation>
	<folder>images</folder>
	<filename>5906827bb3fa4085aff85108e2474485.png</filename>
	<path>/Users/Cactus/ObjectDetection-master/images/5906827bb3fa4085aff85108e2474485.png</path>
	<source>
		<database>Unknown</database>
	</source>
	<size>
		<width>807</width>
		<height>569</height>
		<depth>3</depth>
	</size>
	<segmented>0</segmented>
	<object>
		<name>Nicolas Cage</name>
		<pose>Unspecified</pose>
		<truncated>1</truncated>
		<difficult>0</difficult>
		<bndbox>
			<xmin>255</xmin>
			<ymin>1</ymin>
			<xmax>659</xmax>
			<ymax>450</ymax>
		</bndbox>
	</object>
</annotation>
