<annotation>
	<folder>images</folder>
	<filename>5c30d903ba304853bdac3f2d8329ad82.jpg</filename>
	<path>/Users/Cactus/ObjectDetection-master/images/5c30d903ba304853bdac3f2d8329ad82.jpg</path>
	<source>
		<database>Unknown</database>
	</source>
	<size>
		<width>1504</width>
		<height>752</height>
		<depth>3</depth>
	</size>
	<segmented>0</segmented>
	<object>
		<name>Nicolas Cage</name>
		<pose>Unspecified</pose>
		<truncated>0</truncated>
		<difficult>0</difficult>
		<bndbox>
			<xmin>444</xmin>
			<ymin>5</ymin>
			<xmax>1031</xmax>
			<ymax>670</ymax>
		</bndbox>
	</object>
</annotation>
