<annotation>
	<folder>images</folder>
	<filename>60d8dd6e86aa452a91a6369840424ff7.jpg</filename>
	<path>/Users/Cactus/ObjectDetection-master/images/60d8dd6e86aa452a91a6369840424ff7.jpg</path>
	<source>
		<database>Unknown</database>
	</source>
	<size>
		<width>387</width>
		<height>217</height>
		<depth>3</depth>
	</size>
	<segmented>0</segmented>
	<object>
		<name>Nicolas Cage</name>
		<pose>Unspecified</pose>
		<truncated>1</truncated>
		<difficult>0</difficult>
		<bndbox>
			<xmin>132</xmin>
			<ymin>6</ymin>
			<xmax>317</xmax>
			<ymax>217</ymax>
		</bndbox>
	</object>
</annotation>
