<annotation>
	<folder>images</folder>
	<filename>6158496560014e1fa1c0c4bec03f30ad.jpg</filename>
	<path>/Users/Cactus/ObjectDetection-master/images/6158496560014e1fa1c0c4bec03f30ad.jpg</path>
	<source>
		<database>Unknown</database>
	</source>
	<size>
		<width>0</width>
		<height>0</height>
		<depth>3</depth>
	</size>
	<segmented>0</segmented>
	<object>
		<name>Nicolas Cage</name>
		<pose>Unspecified</pose>
		<truncated>0</truncated>
		<difficult>0</difficult>
		<bndbox>
			<xmin>435</xmin>
			<ymin>2</ymin>
			<xmax>1604</xmax>
			<ymax>1283</ymax>
		</bndbox>
	</object>
</annotation>
