<annotation>
	<folder>images</folder>
	<filename>6a00857000d44b51adf190bd9c20b246.png</filename>
	<path>/Users/Cactus/ObjectDetection-master/images/6a00857000d44b51adf190bd9c20b246.png</path>
	<source>
		<database>Unknown</database>
	</source>
	<size>
		<width>780</width>
		<height>583</height>
		<depth>3</depth>
	</size>
	<segmented>0</segmented>
	<object>
		<name>Nicolas Cage</name>
		<pose>Unspecified</pose>
		<truncated>0</truncated>
		<difficult>0</difficult>
		<bndbox>
			<xmin>294</xmin>
			<ymin>106</ymin>
			<xmax>568</xmax>
			<ymax>421</ymax>
		</bndbox>
	</object>
</annotation>
