<annotation>
	<folder>images</folder>
	<filename>6e330ba12ea9445aacc0377fe89f9a5c.jpg</filename>
	<path>/Users/Cactus/ObjectDetection-master/images/6e330ba12ea9445aacc0377fe89f9a5c.jpg</path>
	<source>
		<database>Unknown</database>
	</source>
	<size>
		<width>1000</width>
		<height>563</height>
		<depth>3</depth>
	</size>
	<segmented>0</segmented>
	<object>
		<name>Nicolas Cage</name>
		<pose>Unspecified</pose>
		<truncated>1</truncated>
		<difficult>0</difficult>
		<bndbox>
			<xmin>245</xmin>
			<ymin>1</ymin>
			<xmax>858</xmax>
			<ymax>563</ymax>
		</bndbox>
	</object>
</annotation>
