<annotation>
	<folder>images</folder>
	<filename>70e13d4fe58340b0958aff25517b94cb.jpg</filename>
	<path>/Users/Cactus/ObjectDetection-master/images/70e13d4fe58340b0958aff25517b94cb.jpg</path>
	<source>
		<database>Unknown</database>
	</source>
	<size>
		<width>800</width>
		<height>450</height>
		<depth>3</depth>
	</size>
	<segmented>0</segmented>
	<object>
		<name>Nicolas Cage</name>
		<pose>Unspecified</pose>
		<truncated>1</truncated>
		<difficult>0</difficult>
		<bndbox>
			<xmin>255</xmin>
			<ymin>1</ymin>
			<xmax>579</xmax>
			<ymax>397</ymax>
		</bndbox>
	</object>
</annotation>
