<annotation>
	<folder>images</folder>
	<filename>73155896-giffoni-valle-piana-sa-italy-july-18-2012-nicolas-cage-at-giffoni-film-festival-2012-on-july-18-2012.jpg</filename>
	<path>/Users/Cactus/ObjectDetection-master/images/73155896-giffoni-valle-piana-sa-italy-july-18-2012-nicolas-cage-at-giffoni-film-festival-2012-on-july-18-2012.jpg</path>
	<source>
		<database>Unknown</database>
	</source>
	<size>
		<width>301</width>
		<height>450</height>
		<depth>3</depth>
	</size>
	<segmented>0</segmented>
	<object>
		<name>Nicolas Cage</name>
		<pose>Unspecified</pose>
		<truncated>0</truncated>
		<difficult>0</difficult>
		<bndbox>
			<xmin>114</xmin>
			<ymin>56</ymin>
			<xmax>160</xmax>
			<ymax>116</ymax>
		</bndbox>
	</object>
</annotation>
