<annotation>
	<folder>images</folder>
	<filename>793b07ff36e74d589d4e78230314500f.png</filename>
	<path>/Users/Cactus/ObjectDetection-master/images/793b07ff36e74d589d4e78230314500f.png</path>
	<source>
		<database>Unknown</database>
	</source>
	<size>
		<width>780</width>
		<height>436</height>
		<depth>3</depth>
	</size>
	<segmented>0</segmented>
	<object>
		<name>Nicolas Cage</name>
		<pose>Unspecified</pose>
		<truncated>0</truncated>
		<difficult>0</difficult>
		<bndbox>
			<xmin>273</xmin>
			<ymin>27</ymin>
			<xmax>453</xmax>
			<ymax>288</ymax>
		</bndbox>
	</object>
</annotation>
