<annotation>
	<folder>images</folder>
	<filename>7b39c3df14d14bcc9c5413a269452583.jpg</filename>
	<path>/Users/Cactus/ObjectDetection-master/images/7b39c3df14d14bcc9c5413a269452583.jpg</path>
	<source>
		<database>Unknown</database>
	</source>
	<size>
		<width>1920</width>
		<height>1080</height>
		<depth>3</depth>
	</size>
	<segmented>0</segmented>
	<object>
		<name>Nicolas Cage</name>
		<pose>Unspecified</pose>
		<truncated>0</truncated>
		<difficult>0</difficult>
		<bndbox>
			<xmin>483</xmin>
			<ymin>12</ymin>
			<xmax>1342</xmax>
			<ymax>939</ymax>
		</bndbox>
	</object>
</annotation>
