<annotation>
	<folder>images</folder>
	<filename>874fad1acf1e408483a95b92a520a449.jpg</filename>
	<path>/Users/Cactus/ObjectDetection-master/images/874fad1acf1e408483a95b92a520a449.jpg</path>
	<source>
		<database>Unknown</database>
	</source>
	<size>
		<width>1200</width>
		<height>800</height>
		<depth>3</depth>
	</size>
	<segmented>0</segmented>
	<object>
		<name>Nicolas Cage</name>
		<pose>Unspecified</pose>
		<truncated>1</truncated>
		<difficult>0</difficult>
		<bndbox>
			<xmin>308</xmin>
			<ymin>1</ymin>
			<xmax>932</xmax>
			<ymax>800</ymax>
		</bndbox>
	</object>
</annotation>
