<annotation>
	<folder>images</folder>
	<filename>8a827785312049ab865449b9371227e7.jpg</filename>
	<path>/Users/Cactus/ObjectDetection-master/images/8a827785312049ab865449b9371227e7.jpg</path>
	<source>
		<database>Unknown</database>
	</source>
	<size>
		<width>618</width>
		<height>410</height>
		<depth>3</depth>
	</size>
	<segmented>0</segmented>
	<object>
		<name>Nicolas Cage</name>
		<pose>Unspecified</pose>
		<truncated>0</truncated>
		<difficult>0</difficult>
		<bndbox>
			<xmin>194</xmin>
			<ymin>3</ymin>
			<xmax>382</xmax>
			<ymax>266</ymax>
		</bndbox>
	</object>
</annotation>
