<annotation>
	<folder>images</folder>
	<filename>8d004abaa2094b518c7640b088001cf2.jpg</filename>
	<path>/Users/Cactus/ObjectDetection-master/images/8d004abaa2094b518c7640b088001cf2.jpg</path>
	<source>
		<database>Unknown</database>
	</source>
	<size>
		<width>300</width>
		<height>450</height>
		<depth>3</depth>
	</size>
	<segmented>0</segmented>
	<object>
		<name>Nicolas Cage</name>
		<pose>Unspecified</pose>
		<truncated>1</truncated>
		<difficult>0</difficult>
		<bndbox>
			<xmin>29</xmin>
			<ymin>21</ymin>
			<xmax>300</xmax>
			<ymax>395</ymax>
		</bndbox>
	</object>
</annotation>
