<annotation>
	<folder>images</folder>
	<filename>8e151ae7e0064f8a9f5103527b02d0ae.png</filename>
	<path>/Users/Cactus/ObjectDetection-master/images/8e151ae7e0064f8a9f5103527b02d0ae.png</path>
	<source>
		<database>Unknown</database>
	</source>
	<size>
		<width>807</width>
		<height>537</height>
		<depth>3</depth>
	</size>
	<segmented>0</segmented>
	<object>
		<name>Nicolas Cage</name>
		<pose>Unspecified</pose>
		<truncated>1</truncated>
		<difficult>0</difficult>
		<bndbox>
			<xmin>298</xmin>
			<ymin>1</ymin>
			<xmax>629</xmax>
			<ymax>354</ymax>
		</bndbox>
	</object>
</annotation>
