<annotation>
	<folder>images</folder>
	<filename>93dbc812d4b747c684b5309ca068c3b4.png</filename>
	<path>/Users/Cactus/ObjectDetection-master/images/93dbc812d4b747c684b5309ca068c3b4.png</path>
	<source>
		<database>Unknown</database>
	</source>
	<size>
		<width>352</width>
		<height>402</height>
		<depth>3</depth>
	</size>
	<segmented>0</segmented>
	<object>
		<name>Nicolas Cage</name>
		<pose>Unspecified</pose>
		<truncated>0</truncated>
		<difficult>0</difficult>
		<bndbox>
			<xmin>63</xmin>
			<ymin>2</ymin>
			<xmax>346</xmax>
			<ymax>382</ymax>
		</bndbox>
	</object>
</annotation>
