<annotation>
	<folder>images</folder>
	<filename>944full-nicolas-cage.jpg</filename>
	<path>/Users/Cactus/ObjectDetection-master/images/944full-nicolas-cage.jpg</path>
	<source>
		<database>Unknown</database>
	</source>
	<size>
		<width>944</width>
		<height>1200</height>
		<depth>3</depth>
	</size>
	<segmented>0</segmented>
	<object>
		<name>Nicolas Cage</name>
		<pose>Unspecified</pose>
		<truncated>0</truncated>
		<difficult>0</difficult>
		<bndbox>
			<xmin>468</xmin>
			<ymin>5</ymin>
			<xmax>732</xmax>
			<ymax>379</ymax>
		</bndbox>
	</object>
</annotation>
