<annotation>
	<folder>images</folder>
	<filename>9487aa1b5b1146299f44855edaab48d2.jpg</filename>
	<path>/Users/Cactus/ObjectDetection-master/images/9487aa1b5b1146299f44855edaab48d2.jpg</path>
	<source>
		<database>Unknown</database>
	</source>
	<size>
		<width>685</width>
		<height>385</height>
		<depth>3</depth>
	</size>
	<segmented>0</segmented>
	<object>
		<name>Nicolas Cage</name>
		<pose>Unspecified</pose>
		<truncated>1</truncated>
		<difficult>0</difficult>
		<bndbox>
			<xmin>179</xmin>
			<ymin>48</ymin>
			<xmax>577</xmax>
			<ymax>385</ymax>
		</bndbox>
	</object>
</annotation>
