<annotation>
	<folder>images</folder>
	<filename>9b8967d4f69742c4861b0f4a902afa6c.png</filename>
	<path>/Users/Cactus/ObjectDetection-master/images/9b8967d4f69742c4861b0f4a902afa6c.png</path>
	<source>
		<database>Unknown</database>
	</source>
	<size>
		<width>768</width>
		<height>1024</height>
		<depth>3</depth>
	</size>
	<segmented>0</segmented>
	<object>
		<name>Nicolas Cage</name>
		<pose>Unspecified</pose>
		<truncated>0</truncated>
		<difficult>0</difficult>
		<bndbox>
			<xmin>143</xmin>
			<ymin>2</ymin>
			<xmax>626</xmax>
			<ymax>613</ymax>
		</bndbox>
	</object>
</annotation>
