<annotation>
	<folder>images</folder>
	<filename>9f7e1135ea704eab87ae0fe713c3f78f.jpg</filename>
	<path>/Users/Cactus/ObjectDetection-master/images/9f7e1135ea704eab87ae0fe713c3f78f.jpg</path>
	<source>
		<database>Unknown</database>
	</source>
	<size>
		<width>0</width>
		<height>0</height>
		<depth>3</depth>
	</size>
	<segmented>0</segmented>
	<object>
		<name>Nicolas Cage</name>
		<pose>Unspecified</pose>
		<truncated>0</truncated>
		<difficult>0</difficult>
		<bndbox>
			<xmin>118</xmin>
			<ymin>2</ymin>
			<xmax>356</xmax>
			<ymax>300</ymax>
		</bndbox>
	</object>
</annotation>
