<annotation>
	<folder>images</folder>
	<filename>a12830d089c8477ea3dd01e400717176.jpg</filename>
	<path>/Users/Cactus/ObjectDetection-master/images/a12830d089c8477ea3dd01e400717176.jpg</path>
	<source>
		<database>Unknown</database>
	</source>
	<size>
		<width>1400</width>
		<height>788</height>
		<depth>3</depth>
	</size>
	<segmented>0</segmented>
	<object>
		<name>Nicolas Cage</name>
		<pose>Unspecified</pose>
		<truncated>0</truncated>
		<difficult>0</difficult>
		<bndbox>
			<xmin>587</xmin>
			<ymin>64</ymin>
			<xmax>904</xmax>
			<ymax>478</ymax>
		</bndbox>
	</object>
</annotation>
