<annotation>
	<folder>images</folder>
	<filename>a2682170c78c49d888de3cce6e7c0773.jpg</filename>
	<path>/Users/Cactus/ObjectDetection-master/images/a2682170c78c49d888de3cce6e7c0773.jpg</path>
	<source>
		<database>Unknown</database>
	</source>
	<size>
		<width>446</width>
		<height>299</height>
		<depth>3</depth>
	</size>
	<segmented>0</segmented>
	<object>
		<name>Nicolas Cage</name>
		<pose>Unspecified</pose>
		<truncated>0</truncated>
		<difficult>0</difficult>
		<bndbox>
			<xmin>84</xmin>
			<ymin>4</ymin>
			<xmax>328</xmax>
			<ymax>297</ymax>
		</bndbox>
	</object>
</annotation>
