<annotation>
	<folder>images</folder>
	<filename>a3f4dc26ec8c42508bb23673e66e8d0d.jpeg</filename>
	<path>/Users/Cactus/ObjectDetection-master/images/a3f4dc26ec8c42508bb23673e66e8d0d.jpeg</path>
	<source>
		<database>Unknown</database>
	</source>
	<size>
		<width>1280</width>
		<height>721</height>
		<depth>3</depth>
	</size>
	<segmented>0</segmented>
	<object>
		<name>Nicolas Cage</name>
		<pose>Unspecified</pose>
		<truncated>1</truncated>
		<difficult>0</difficult>
		<bndbox>
			<xmin>258</xmin>
			<ymin>1</ymin>
			<xmax>980</xmax>
			<ymax>721</ymax>
		</bndbox>
	</object>
</annotation>
