<annotation>
	<folder>images</folder>
	<filename>a94b2c5f2ae44109bd44faa240e06216.jpg</filename>
	<path>/Users/Cactus/ObjectDetection-master/images/a94b2c5f2ae44109bd44faa240e06216.jpg</path>
	<source>
		<database>Unknown</database>
	</source>
	<size>
		<width>201</width>
		<height>201</height>
		<depth>3</depth>
	</size>
	<segmented>0</segmented>
	<object>
		<name>Nicolas Cage</name>
		<pose>Unspecified</pose>
		<truncated>1</truncated>
		<difficult>0</difficult>
		<bndbox>
			<xmin>61</xmin>
			<ymin>1</ymin>
			<xmax>154</xmax>
			<ymax>118</ymax>
		</bndbox>
	</object>
</annotation>
