<annotation>
	<folder>images</folder>
	<filename>ac8175718e81407f8cb14e29bf9b2e08.png</filename>
	<path>/Users/Cactus/ObjectDetection-master/images/ac8175718e81407f8cb14e29bf9b2e08.png</path>
	<source>
		<database>Unknown</database>
	</source>
	<size>
		<width>0</width>
		<height>0</height>
		<depth>3</depth>
	</size>
	<segmented>0</segmented>
	<object>
		<name>Nicolas Cage</name>
		<pose>Unspecified</pose>
		<truncated>0</truncated>
		<difficult>0</difficult>
		<bndbox>
			<xmin>504</xmin>
			<ymin>255</ymin>
			<xmax>700</xmax>
			<ymax>574</ymax>
		</bndbox>
	</object>
</annotation>
