<annotation>
	<folder>images</folder>
	<filename>adbebefdf41e4ea88750c35df69c9eb1.jpg</filename>
	<path>/Users/Cactus/ObjectDetection-master/images/adbebefdf41e4ea88750c35df69c9eb1.jpg</path>
	<source>
		<database>Unknown</database>
	</source>
	<size>
		<width>425</width>
		<height>425</height>
		<depth>3</depth>
	</size>
	<segmented>0</segmented>
	<object>
		<name>Nicolas Cage</name>
		<pose>Unspecified</pose>
		<truncated>1</truncated>
		<difficult>0</difficult>
		<bndbox>
			<xmin>52</xmin>
			<ymin>4</ymin>
			<xmax>366</xmax>
			<ymax>425</ymax>
		</bndbox>
	</object>
</annotation>
