<annotation>
	<folder>images</folder>
	<filename>b33cfc67ee3944b38389ff724dcae7ab.jpg</filename>
	<path>/Users/Cactus/ObjectDetection-master/images/b33cfc67ee3944b38389ff724dcae7ab.jpg</path>
	<source>
		<database>Unknown</database>
	</source>
	<size>
		<width>800</width>
		<height>422</height>
		<depth>3</depth>
	</size>
	<segmented>0</segmented>
	<object>
		<name>Nicolas Cage</name>
		<pose>Unspecified</pose>
		<truncated>0</truncated>
		<difficult>0</difficult>
		<bndbox>
			<xmin>256</xmin>
			<ymin>29</ymin>
			<xmax>593</xmax>
			<ymax>340</ymax>
		</bndbox>
	</object>
</annotation>
