<annotation>
	<folder>images</folder>
	<filename>b5f5324bccad474f877e5daf99d858a8.jpg</filename>
	<path>/Users/Cactus/ObjectDetection-master/images/b5f5324bccad474f877e5daf99d858a8.jpg</path>
	<source>
		<database>Unknown</database>
	</source>
	<size>
		<width>220</width>
		<height>279</height>
		<depth>3</depth>
	</size>
	<segmented>0</segmented>
	<object>
		<name>Nicolas Cage</name>
		<pose>Unspecified</pose>
		<truncated>0</truncated>
		<difficult>0</difficult>
		<bndbox>
			<xmin>38</xmin>
			<ymin>2</ymin>
			<xmax>163</xmax>
			<ymax>154</ymax>
		</bndbox>
	</object>
</annotation>
