<annotation>
	<folder>images</folder>
	<filename>b73a4c3ddeb04ed693f6641e622905fe.jpg</filename>
	<path>/Users/Cactus/ObjectDetection-master/images/b73a4c3ddeb04ed693f6641e622905fe.jpg</path>
	<source>
		<database>Unknown</database>
	</source>
	<size>
		<width>800</width>
		<height>533</height>
		<depth>3</depth>
	</size>
	<segmented>0</segmented>
	<object>
		<name>Nicolas Cage</name>
		<pose>Unspecified</pose>
		<truncated>0</truncated>
		<difficult>0</difficult>
		<bndbox>
			<xmin>252</xmin>
			<ymin>2</ymin>
			<xmax>605</xmax>
			<ymax>429</ymax>
		</bndbox>
	</object>
</annotation>
