<annotation>
	<folder>images</folder>
	<filename>c01ca4e6a85b4b7da028d340064c6f81.jpg</filename>
	<path>/Users/Cactus/ObjectDetection-master/images/c01ca4e6a85b4b7da028d340064c6f81.jpg</path>
	<source>
		<database>Unknown</database>
	</source>
	<size>
		<width>986</width>
		<height>554</height>
		<depth>3</depth>
	</size>
	<segmented>0</segmented>
	<object>
		<name>Nicolas Cage</name>
		<pose>Unspecified</pose>
		<truncated>1</truncated>
		<difficult>0</difficult>
		<bndbox>
			<xmin>343</xmin>
			<ymin>1</ymin>
			<xmax>668</xmax>
			<ymax>430</ymax>
		</bndbox>
	</object>
</annotation>
