<annotation>
	<folder>images</folder>
	<filename>c2c2c16738124b10bbd6634ef9c7e743.jpg</filename>
	<path>/Users/Cactus/ObjectDetection-master/images/c2c2c16738124b10bbd6634ef9c7e743.jpg</path>
	<source>
		<database>Unknown</database>
	</source>
	<size>
		<width>300</width>
		<height>169</height>
		<depth>3</depth>
	</size>
	<segmented>0</segmented>
	<object>
		<name>Nicolas Cage</name>
		<pose>Unspecified</pose>
		<truncated>1</truncated>
		<difficult>0</difficult>
		<bndbox>
			<xmin>71</xmin>
			<ymin>1</ymin>
			<xmax>210</xmax>
			<ymax>153</ymax>
		</bndbox>
	</object>
</annotation>
