<annotation>
	<folder>images</folder>
	<filename>c30fe743d016480284ecf63346a5520f.jpg</filename>
	<path>/Users/Cactus/ObjectDetection-master/images/c30fe743d016480284ecf63346a5520f.jpg</path>
	<source>
		<database>Unknown</database>
	</source>
	<size>
		<width>920</width>
		<height>584</height>
		<depth>3</depth>
	</size>
	<segmented>0</segmented>
	<object>
		<name>Nicolas Cage</name>
		<pose>Unspecified</pose>
		<truncated>0</truncated>
		<difficult>0</difficult>
		<bndbox>
			<xmin>408</xmin>
			<ymin>3</ymin>
			<xmax>716</xmax>
			<ymax>440</ymax>
		</bndbox>
	</object>
</annotation>
