<annotation>
	<folder>images</folder>
	<filename>c883d7479f2a4cc5959b585b588ed4df.jpg</filename>
	<path>/Users/Cactus/ObjectDetection-master/images/c883d7479f2a4cc5959b585b588ed4df.jpg</path>
	<source>
		<database>Unknown</database>
	</source>
	<size>
		<width>800</width>
		<height>450</height>
		<depth>3</depth>
	</size>
	<segmented>0</segmented>
	<object>
		<name>Nicolas Cage</name>
		<pose>Unspecified</pose>
		<truncated>0</truncated>
		<difficult>0</difficult>
		<bndbox>
			<xmin>276</xmin>
			<ymin>7</ymin>
			<xmax>591</xmax>
			<ymax>383</ymax>
		</bndbox>
	</object>
</annotation>
