<annotation>
	<folder>images</folder>
	<filename>ca1752779319478ba59a081002c79089.jpg</filename>
	<path>/Users/Cactus/ObjectDetection-master/images/ca1752779319478ba59a081002c79089.jpg</path>
	<source>
		<database>Unknown</database>
	</source>
	<size>
		<width>617</width>
		<height>823</height>
		<depth>3</depth>
	</size>
	<segmented>0</segmented>
	<object>
		<name>Nicolas Cage</name>
		<pose>Unspecified</pose>
		<truncated>0</truncated>
		<difficult>0</difficult>
		<bndbox>
			<xmin>29</xmin>
			<ymin>41</ymin>
			<xmax>550</xmax>
			<ymax>713</ymax>
		</bndbox>
	</object>
</annotation>
