<annotation>
	<folder>images</folder>
	<filename>cb2aee4921274c059c0c3360da073552.jpg</filename>
	<path>/Users/Cactus/ObjectDetection-master/images/cb2aee4921274c059c0c3360da073552.jpg</path>
	<source>
		<database>Unknown</database>
	</source>
	<size>
		<width>2560</width>
		<height>1440</height>
		<depth>3</depth>
	</size>
	<segmented>0</segmented>
	<object>
		<name>Nicolas Cage</name>
		<pose>Unspecified</pose>
		<truncated>0</truncated>
		<difficult>0</difficult>
		<bndbox>
			<xmin>1311</xmin>
			<ymin>2</ymin>
			<xmax>2179</xmax>
			<ymax>1020</ymax>
		</bndbox>
	</object>
</annotation>
