<annotation>
	<folder>images</folder>
	<filename>cb64331ecd19485aa612baea693cb28d.jpg</filename>
	<path>/Users/Cactus/ObjectDetection-master/images/cb64331ecd19485aa612baea693cb28d.jpg</path>
	<source>
		<database>Unknown</database>
	</source>
	<size>
		<width>1000</width>
		<height>316</height>
		<depth>3</depth>
	</size>
	<segmented>0</segmented>
	<object>
		<name>Nicolas Cage</name>
		<pose>Unspecified</pose>
		<truncated>0</truncated>
		<difficult>0</difficult>
		<bndbox>
			<xmin>461</xmin>
			<ymin>2</ymin>
			<xmax>733</xmax>
			<ymax>274</ymax>
		</bndbox>
	</object>
</annotation>
