<annotation>
	<folder>images</folder>
	<filename>cbdfca542af045daa0589ccb31da6527.jpg</filename>
	<path>/Users/Cactus/ObjectDetection-master/images/cbdfca542af045daa0589ccb31da6527.jpg</path>
	<source>
		<database>Unknown</database>
	</source>
	<size>
		<width>780</width>
		<height>438</height>
		<depth>3</depth>
	</size>
	<segmented>0</segmented>
	<object>
		<name>Nicolas Cage</name>
		<pose>Unspecified</pose>
		<truncated>1</truncated>
		<difficult>0</difficult>
		<bndbox>
			<xmin>280</xmin>
			<ymin>1</ymin>
			<xmax>675</xmax>
			<ymax>438</ymax>
		</bndbox>
	</object>
</annotation>
