<annotation>
	<folder>images</folder>
	<filename>d5de7207ab8f4a2489020504deb40e17.jpg</filename>
	<path>/Users/Cactus/ObjectDetection-master/images/d5de7207ab8f4a2489020504deb40e17.jpg</path>
	<source>
		<database>Unknown</database>
	</source>
	<size>
		<width>680</width>
		<height>440</height>
		<depth>3</depth>
	</size>
	<segmented>0</segmented>
	<object>
		<name>Nicolas Cage</name>
		<pose>Unspecified</pose>
		<truncated>0</truncated>
		<difficult>0</difficult>
		<bndbox>
			<xmin>240</xmin>
			<ymin>21</ymin>
			<xmax>479</xmax>
			<ymax>348</ymax>
		</bndbox>
	</object>
</annotation>
