<annotation>
	<folder>images</folder>
	<filename>d640ff6bcc2a436dbe8ebd9b15e21200.jpg</filename>
	<path>/Users/Cactus/ObjectDetection-master/images/d640ff6bcc2a436dbe8ebd9b15e21200.jpg</path>
	<source>
		<database>Unknown</database>
	</source>
	<size>
		<width>1974</width>
		<height>1111</height>
		<depth>3</depth>
	</size>
	<segmented>0</segmented>
	<object>
		<name>Nicolas Cage</name>
		<pose>Unspecified</pose>
		<truncated>0</truncated>
		<difficult>0</difficult>
		<bndbox>
			<xmin>876</xmin>
			<ymin>14</ymin>
			<xmax>1807</xmax>
			<ymax>1097</ymax>
		</bndbox>
	</object>
</annotation>
