<annotation>
	<folder>images</folder>
	<filename>d70048198443481fb2ec4dda281ace79.jpg</filename>
	<path>/Users/Cactus/ObjectDetection-master/images/d70048198443481fb2ec4dda281ace79.jpg</path>
	<source>
		<database>Unknown</database>
	</source>
	<size>
		<width>800</width>
		<height>450</height>
		<depth>3</depth>
	</size>
	<segmented>0</segmented>
	<object>
		<name>Nicolas Cage</name>
		<pose>Unspecified</pose>
		<truncated>0</truncated>
		<difficult>0</difficult>
		<bndbox>
			<xmin>231</xmin>
			<ymin>5</ymin>
			<xmax>463</xmax>
			<ymax>304</ymax>
		</bndbox>
	</object>
</annotation>
