<annotation>
	<folder>images</folder>
	<filename>d82f10e189884da292a65f6448ffd6e2.jpg</filename>
	<path>/Users/Cactus/ObjectDetection-master/images/d82f10e189884da292a65f6448ffd6e2.jpg</path>
	<source>
		<database>Unknown</database>
	</source>
	<size>
		<width>780</width>
		<height>520</height>
		<depth>3</depth>
	</size>
	<segmented>0</segmented>
	<object>
		<name>Nicolas Cage</name>
		<pose>Unspecified</pose>
		<truncated>0</truncated>
		<difficult>0</difficult>
		<bndbox>
			<xmin>283</xmin>
			<ymin>24</ymin>
			<xmax>550</xmax>
			<ymax>411</ymax>
		</bndbox>
	</object>
</annotation>
