<annotation>
	<folder>images</folder>
	<filename>ddd728343a994ef3a10620e0434b3e6e.jpg</filename>
	<path>/Users/Cactus/ObjectDetection-master/images/ddd728343a994ef3a10620e0434b3e6e.jpg</path>
	<source>
		<database>Unknown</database>
	</source>
	<size>
		<width>560</width>
		<height>303</height>
		<depth>3</depth>
	</size>
	<segmented>0</segmented>
	<object>
		<name>Nicolas Cage</name>
		<pose>Unspecified</pose>
		<truncated>0</truncated>
		<difficult>0</difficult>
		<bndbox>
			<xmin>240</xmin>
			<ymin>6</ymin>
			<xmax>446</xmax>
			<ymax>245</ymax>
		</bndbox>
	</object>
</annotation>
