<annotation>
	<folder>images</folder>
	<filename>ea273047c76f46a4982922f2536a7557.jpg</filename>
	<path>/Users/Cactus/ObjectDetection-master/images/ea273047c76f46a4982922f2536a7557.jpg</path>
	<source>
		<database>Unknown</database>
	</source>
	<size>
		<width>0</width>
		<height>0</height>
		<depth>3</depth>
	</size>
	<segmented>0</segmented>
	<object>
		<name>Nicolas Cage</name>
		<pose>Unspecified</pose>
		<truncated>0</truncated>
		<difficult>0</difficult>
		<bndbox>
			<xmin>107</xmin>
			<ymin>22</ymin>
			<xmax>502</xmax>
			<ymax>489</ymax>
		</bndbox>
	</object>
</annotation>
