<annotation>
	<folder>images</folder>
	<filename>ef9498b0c77b4ea78d212202d7789d96.jpg</filename>
	<path>/Users/Cactus/ObjectDetection-master/images/ef9498b0c77b4ea78d212202d7789d96.jpg</path>
	<source>
		<database>Unknown</database>
	</source>
	<size>
		<width>720</width>
		<height>480</height>
		<depth>3</depth>
	</size>
	<segmented>0</segmented>
	<object>
		<name>Nicolas Cage</name>
		<pose>Unspecified</pose>
		<truncated>0</truncated>
		<difficult>0</difficult>
		<bndbox>
			<xmin>72</xmin>
			<ymin>4</ymin>
			<xmax>376</xmax>
			<ymax>354</ymax>
		</bndbox>
	</object>
</annotation>
