<annotation>
	<folder>images</folder>
	<filename>f4e55befc98649e08cb0857eeba1d791.jpg</filename>
	<path>/Users/Cactus/ObjectDetection-master/images/f4e55befc98649e08cb0857eeba1d791.jpg</path>
	<source>
		<database>Unknown</database>
	</source>
	<size>
		<width>220</width>
		<height>340</height>
		<depth>3</depth>
	</size>
	<segmented>0</segmented>
	<object>
		<name>Nicolas Cage</name>
		<pose>Unspecified</pose>
		<truncated>0</truncated>
		<difficult>0</difficult>
		<bndbox>
			<xmin>32</xmin>
			<ymin>2</ymin>
			<xmax>211</xmax>
			<ymax>263</ymax>
		</bndbox>
	</object>
</annotation>
