<annotation>
	<folder>images</folder>
	<filename>hqdefault.jpg</filename>
	<path>/Users/Cactus/ObjectDetection-master/images/hqdefault.jpg</path>
	<source>
		<database>Unknown</database>
	</source>
	<size>
		<width>480</width>
		<height>360</height>
		<depth>3</depth>
	</size>
	<segmented>0</segmented>
	<object>
		<name>Nicolas Cage</name>
		<pose>Unspecified</pose>
		<truncated>0</truncated>
		<difficult>0</difficult>
		<bndbox>
			<xmin>284</xmin>
			<ymin>13</ymin>
			<xmax>396</xmax>
			<ymax>165</ymax>
		</bndbox>
	</object>
</annotation>
