<annotation>
	<folder>images</folder>
	<filename>images.jpeg</filename>
	<path>/Users/Cactus/ObjectDetection-master/images/images.jpeg</path>
	<source>
		<database>Unknown</database>
	</source>
	<size>
		<width>300</width>
		<height>168</height>
		<depth>3</depth>
	</size>
	<segmented>0</segmented>
	<object>
		<name>Nicolas Cage</name>
		<pose>Unspecified</pose>
		<truncated>0</truncated>
		<difficult>0</difficult>
		<bndbox>
			<xmin>47</xmin>
			<ymin>14</ymin>
			<xmax>113</xmax>
			<ymax>96</ymax>
		</bndbox>
	</object>
</annotation>
