<annotation>
	<folder>images</folder>
	<filename>maxresdefault.jpg</filename>
	<path>/Users/Cactus/ObjectDetection-master/images/maxresdefault.jpg</path>
	<source>
		<database>Unknown</database>
	</source>
	<size>
		<width>1280</width>
		<height>720</height>
		<depth>3</depth>
	</size>
	<segmented>0</segmented>
	<object>
		<name>Nicolas Cage</name>
		<pose>Unspecified</pose>
		<truncated>0</truncated>
		<difficult>0</difficult>
		<bndbox>
			<xmin>426</xmin>
			<ymin>53</ymin>
			<xmax>630</xmax>
			<ymax>357</ymax>
		</bndbox>
	</object>
</annotation>
