<annotation>
	<folder>images</folder>
	<filename>Nicolas-Cage-In-Ferragamo-Ryan-Reynolds-In-GANT-Rugger-The-Croods-New-York-Premiere.jpg</filename>
	<path>/Users/Cactus/ObjectDetection-master/images/Nicolas-Cage-In-Ferragamo-Ryan-Reynolds-In-GANT-Rugger-The-Croods-New-York-Premiere.jpg</path>
	<source>
		<database>Unknown</database>
	</source>
	<size>
		<width>620</width>
		<height>478</height>
		<depth>3</depth>
	</size>
	<segmented>0</segmented>
	<object>
		<name>Nicolas Cage</name>
		<pose>Unspecified</pose>
		<truncated>0</truncated>
		<difficult>0</difficult>
		<bndbox>
			<xmin>157</xmin>
			<ymin>4</ymin>
			<xmax>217</xmax>
			<ymax>85</ymax>
		</bndbox>
	</object>
</annotation>
