<annotation>
	<folder>images</folder>
	<filename>Nicolas-Cage-Pay-the-Ghost.jpg</filename>
	<path>/Users/Cactus/ObjectDetection-master/images/Nicolas-Cage-Pay-the-Ghost.jpg</path>
	<source>
		<database>Unknown</database>
	</source>
	<size>
		<width>750</width>
		<height>423</height>
		<depth>3</depth>
	</size>
	<segmented>0</segmented>
	<object>
		<name>Nicolas Cage</name>
		<pose>Unspecified</pose>
		<truncated>0</truncated>
		<difficult>0</difficult>
		<bndbox>
			<xmin>185</xmin>
			<ymin>2</ymin>
			<xmax>457</xmax>
			<ymax>350</ymax>
		</bndbox>
	</object>
</annotation>
