<annotation>
	<folder>images</folder>
	<filename>nicolas_cage.jpg</filename>
	<path>/Users/Cactus/ObjectDetection-master/images/nicolas_cage.jpg</path>
	<source>
		<database>Unknown</database>
	</source>
	<size>
		<width>425</width>
		<height>600</height>
		<depth>3</depth>
	</size>
	<segmented>0</segmented>
	<object>
		<name>Nicolas Cage</name>
		<pose>Unspecified</pose>
		<truncated>0</truncated>
		<difficult>0</difficult>
		<bndbox>
			<xmin>117</xmin>
			<ymin>39</ymin>
			<xmax>331</xmax>
			<ymax>315</ymax>
		</bndbox>
	</object>
</annotation>
