<annotation>
	<folder>images</folder>
	<filename>t1larg.cage.gi.jpg</filename>
	<path>/Users/Cactus/ObjectDetection-master/images/t1larg.cage.gi.jpg</path>
	<source>
		<database>Unknown</database>
	</source>
	<size>
		<width>640</width>
		<height>360</height>
		<depth>3</depth>
	</size>
	<segmented>0</segmented>
	<object>
		<name>Nicolas Cage</name>
		<pose>Unspecified</pose>
		<truncated>0</truncated>
		<difficult>0</difficult>
		<bndbox>
			<xmin>226</xmin>
			<ymin>9</ymin>
			<xmax>407</xmax>
			<ymax>230</ymax>
		</bndbox>
	</object>
</annotation>
